PRODUCT_ID,NAME,TYPE
PRD01088,Novell Incorporated,Stock
PRD01089,Amazon.com Inc.,Stock
PRD01090,Juniper Networks Inc.,Stock
PRD01091,Red Hat Inc.,Stock
PRD01092,Boston Scientific Corporation,Stock
PRD01093,Inex Pharmaceuticals Inc.,Stock
PRD01094,Pfizer, Inc.,Stock
PRD01095,Cytovax Biotechnologies Incorporated,Stock
PRD01096,Commonwealth Biotechnologies Inc.,Stock
PRD01097,British Biotechnology plc,Stock
PRD01220,Unisys Corporation,Stock
PRD01099,Honeywell International,Stock
PRD01100,Hilton Hotels Corporation,Stock
PRD01101,Hilton Hotels Corporation,Corporate Bond
PRD01102,Mercury Interactive Corporation,Stock
PRD01103,Fidelity Freedom Income Fund,Mutual Fund
PRD01104,Fidelity Freedom 2000 Fund,Mutual Fund
PRD01105,Fidelity Freedom 2005 Fund,Mutual Fund
PRD01106,Fidelity Freedom 2010 Fund,Mutual Fund
PRD01107,Fidelity Freedom 2015 Fund,Mutual Fund
PRD01108,Fidelity Freedom 2020 Fund,Mutual Fund
PRD01109,Fidelity Freedom 2025 Fund,Mutual Fund
PRD01110,Fidelity Freedom 2030 Fund,Mutual Fund
PRD01111,Fidelity Freedom 2035 Fund,Mutual Fund
PRD01112,Fidelity Freedom 2040 Fund,Mutual Fund
PRD01202,EBJ Enterprises,Stock
PRD01204,Certifiable Silly Engineers,Stock
PRD01203,Neoware,Stock
PRD54323,TEDS TEST,STOCK
PRD01225,Galyans Trading,Stock
PRD99999,Google,Stock
PRD01211,Championship Auto Racing Teames,Stock
PRD01209,Texas Onyx,Stock
PRD54324,TEDS TESTY,STOCK
PRD01201,Texas Instruments,Stock
PRD01205,Certifiable Silly Engineers D,Stock
PRD54325,TEDS TESTYCAL,STOCK
PRD01002,The Boeing Company,Stock
PRD01003,Monsanto Company,Stock
PRD01004,Oracle Corporation,Stock
PRD01005,Sybase Incorporated,Stock
PRD01006,Microsoft Corporation,Stock
PRD01007,International Business Machines Corporation,Stock
PRD01008,Dell Computer Corporation,Stock
PRD01009,Hewlett-Packard Company,Corporate Bond
PRD01010,Hewlett-Packard Company,Stock
PRD01011,Gateway Inc.,Stock
PRD01012,General Electric Company,Stock
PRD01013,Merck and Company,Stock
PRD01014,Walt Disney Company,Stock
PRD01015,McDonalds Corporation,Stock
PRD01016,Dow Chemical Company,Stock
PRD01017,General Motors Corporation,Corporate Bond
PRD01018,General Motors Corporation,Stock
PRD01019,General Motors Corporation,Stock
PRD01020,Peoplesoft Incorporated,Stock
PRD01021,Rational Software,Stock
PRD01022,Sun Microsystems Incorporated,Stock
PRD01023,Host Marriott Corporation,Stock
PRD01024,Sinclair Broadcast Group Incorporated,Stock
PRD01025,Columbia Sportsware Company,Stock
PRD01026,Columbia Banking System Incorporated,Stock
PRD01027,British Sky Broadcasting Group PLC,Corporate Bond
PRD01028,British Sky Broadcasting Group PLC,Stock
PRD01029,Columbia Strategic Value Fund,Mutual Fund
PRD01030,Columbia Technology Fund,Mutual Fund
PRD01031,Ford Motor Company,Stock
PRD01032,Ford Motor Credit Company,Corporate Bond
PRD01033,Ford Motor Credit Company,Stock
PRD01034,SAP AG,Stock
PRD01035,Saputo Incorporated,Stock
PRD01036,Toyota Motor Corporation,Stock
PRD01037,Toyota Motor Credit Corporation,Corporate Bond
PRD01038,Honda Motor Company Limited,Stock
PRD01039,Lockheed Martin Corporation,Stock
PRD01040,Fidelity Bancorp Incorporated of Pennsylvania,Stock
PRD01041,Fidelity Advisor Series I Equity Growth Fund,Mutual Fund
PRD01042,Fidelity Advisor Series VII Technology Fund,Mutual Fund
PRD01043,Fidelity Advisor Series VII Healthcare Fund,Mutual Fund
PRD01044,Fidelity Advisor Series VII Financial Services Fund,Mutual Fund
PRD01045,Fidelity National Information Solutions Incorporated,Stock
PRD01046,Eli Lilly and Company,Stock
PRD01047,Palm Inc.,Stock
PRD01048,H. J. Heinz Company,Stock
PRD01049,Coca-Cola Company,Stock
PRD01050,PepsiCo Inc.,Stock
PRD01051,Merrill Lynch Balanced Capital Fund,Mutual Fund
PRD01052,Merrill Lynch Dragor Fund Incorporated,Mutual Fund
PRD01053,Merrill Lynch Equity Income Fund,Mutual Fund
PRD01054,Merrill Lynch Fundamental Growth Fund Incorporated,Mutual Fund
PRD01055,Merrill Lynch Global Growth Fund Incorporated,Mutual Fund
PRD01056,Merrill Lynch Global Technology Fund Incorporated,Mutual Fund
PRD01057,Morgan Stanley Convertible Securities Trust,Mutual Fund
PRD01058,Morgan Stanley Capital Opportunities Trust Fund,Mutual Fund
PRD01059,Morgan Stanley Developing Growth Securities Trust,Mutual Fund
PRD01060,Morgan Stanley Dean Witter Balanced Income Fund,Mutual Fund
PRD01061,Morgan Stanley Growth A,Mutual Fund
PRD01062,Morgan Stanley Dean Witter Limited Term Municipal,Mutual Fund
PRD01063,Qwest Communications International Incorporated,Stock
PRD01064,American National Insurance Company,Stock
PRD01065,National Western Life Insurance Company,Stock
PRD01066,Cotton States Life Insurance Company,Stock
PRD01067,Kansas City Life Insurance Company,Stock
PRD01068,North Coast Life Insurance Company,Stock
PRD01070,21st Century Insurance Group,Stock
PRD01071,White Mountains Insurance Group,Stock
PRD01072,Zenith National Insurance Corporation,Stock
PRD01073,Industrial-Alliance Life Insurance Company,Stock
PRD01074,Southern Security Life Insurance Company,Stock
PRD01075,Metropolitan Financial Corporation,Stock
PRD01076,Boston Life Sciences Incorporated,Stock
PRD01077,Integra Bank Corporation,Stock
PRD01078,Patriot Bank Corporation,Stock
PRD01079,Citizens Banking Corporation,Stock
PRD01080,Charter Communications Inc.,Stock
PRD01081,Emmis Communications Corporation,Stock
PRD01082,Nextel Communications Inc.,Stock
PRD01083,AOL-Time Warner Inc.,Stock
PRD01084,A. G. Edwards Incorporated,Stock
PRD01085,Yahoo Incorporated,Stock
PRD01086,Earthlink Incorporated,Stock
PRD01087,Northrop Grumman Systems Corporation,Stock
